{"cameraMode":{"drawMode":0,"name":"Shaded","section":"Shading Mode"},"sceneLighting":false,"audioPlay":false,"sceneViewState":{"m_AlwaysRefresh":false,"showFog":true,"showSkybox":false,"showFlares":true,"showImageEffects":true,"showParticleSystems":true,"showVisualEffectGraphs":true,"m_FxEnabled":true},"in2DMode":false,"pivot":{"x":1.4321894645690919,"y":0.9466557502746582,"z":1.1484456062316895},"rotation":{"x":0.14793479442596436,"y":0.016317717730998994,"z":-0.002441065153107047,"w":0.9888607263565064},"size":7.430393695831299,"orthographic":false}